player_id,player_name
1,A Ashish Reddy
2,A Badoni
3,A Chandila
4,A Chopra
5,A Choudhary
6,A Dananjaya
7,A Flintoff
8,A Kumble
9,A Manohar
10,A Mishra
11,A Mithun
12,A Mukund
13,A Nehra
14,A Nel
15,A Nortje
16,A Singh
17,A Symonds
18,A Tomar
19,A Uniyal
20,A Zampa
21,AA Bilakhia
22,AA Chavan
23,AA Jhunjhunwala
24,AA Kazi
25,AA Noffke
26,AB Agarkar
27,AB Barath
28,AB Dinda
29,AB McDonald
30,AB de Villiers
31,AC Blizzard
32,AC Gilchrist
33,AC Thomas
34,AC Voges
35,AD Hales
36,AD Mascarenhas
37,AD Mathews
38,AD Nath
39,AD Russell
40,AF Milne
41,AG Murtaza
42,AG Paunikar
43,AJ Finch
44,AJ Turner
45,AJ Tye
46,AK Markram
47,AL Menaria
48,AM Nayar
49,AM Rahane
50,AM Salvi
51,AN Ahmed
52,AN Ghosh
53,AP Dole
54,AP Majumdar
55,AP Tare
56,AR Bawne
57,AR Patel
58,AS Joseph
59,AS Rajpoot
60,AS Raut
61,AS Roy
62,AS Yadav
63,AT Carey
64,AT Rayudu
65,AU Rashid
66,AUK Pathan
67,Abdul Samad
68,Abdur Razzak
69,Abhishek Sharma
70,Akash Deep
71,Akash Singh
72,Aman Hakim Khan
73,Anand Rajan
74,Anirudh Singh
75,Ankit Sharma
76,Ankit Soni
77,Anmolpreet Singh
78,Anuj Rawat
79,Anureet Singh
80,Arshdeep Singh
81,Avesh Khan
82,Azhar Mahmood
83,B Akhil
84,B Chipli
85,B Geeves
86,B Indrajith
87,B Kumar
88,B Laughlin
89,B Lee
90,B Sai Sudharsan
91,B Stanlake
92,B Sumanth
93,BA Bhatt
94,BA Stokes
95,BAW Mendis
96,BB McCullum
97,BB Samantray
98,BB Sran
99,BCJ Cutting
100,BE Hendricks
101,BJ Haddin
102,BJ Hodge
103,BJ Rohrer
104,BMAJ Mendis
105,BR Dunk
106,BW Hilfenhaus
107,Basil Thampi
108,Bipul Sharma
109,C Ganapathy
110,C Madan
111,C Munro
112,C Nanda
113,C Sakariya
114,C de Grandhomme
115,CA Ingram
116,CA Lynn
117,CA Pujara
118,CH Gayle
119,CH Morris
120,CJ Anderson
121,CJ Dala
122,CJ Ferguson
123,CJ Green
124,CJ Jordan
125,CJ McKay
126,CK Kapugedera
127,CK Langeveldt
128,CL White
129,CM Gautam
130,CR Brathwaite
131,CR Woakes
132,CRD Fernando
133,CV Varun
134,D Brevis
135,D Kalyankrishna
136,D Padikkal
137,D Pretorius
138,D Salunkhe
139,D Wiese
140,D du Preez
141,DA Miller
142,DA Warner
143,DAJ Bracewell
144,DB Das
145,DB Ravi Teja
146,DE Bollinger
147,DG Nalkande
148,DH Yagnik
149,DJ Bravo
150,DJ Harris
151,DJ Hooda
152,DJ Hussey
153,DJ Jacobs
154,DJ Malan
155,DJ Mitchell
156,DJ Muthuswami
157,DJ Thornely
158,DJ Willey
159,DJG Sammy
160,DJM Short
161,DL Chahar
162,DL Vettori
163,DM Bravo
164,DNT Zoysa
165,DP Conway
166,DP Nannes
167,DP Vijaykumar
168,DPMD Jayawardene
169,DR Martyn
170,DR Sams
171,DR Shorey
172,DR Smith
173,DS Kulkarni
174,DS Lehmann
175,DT Christian
176,DT Patil
177,DW Steyn
178,E Lewis
179,EJG Morgan
180,ER Dwivedi
181,F Behardien
182,F du Plessis
183,FA Allen
184,FH Edwards
185,FY Fazal
186,Fazalhaq Farooqi
187,G Gambhir
188,GB Hogg
189,GC Smith
190,GC Viljoen
191,GD McGrath
192,GD Phillips
193,GH Vihari
194,GHS Garton
195,GJ Bailey
196,GJ Maxwell
197,GR Napier
198,GS Sandhu
199,Gagandeep Singh
200,Gurkeerat Singh
201,H Das
202,H Klaasen
203,HE van der Dussen
204,HF Gurney
205,HH Gibbs
206,HH Pandya
207,HM Amla
208,HR Shokeen
209,HV Patel
210,Harbhajan Singh
211,Harmeet Singh
212,Harpreet Brar
213,Harpreet Singh
214,Harshit Rana
215,I Malhotra
216,I Sharma
217,I Udana
218,IC Pandey
219,IC Porel
220,IK Pathan
221,IR Jaggi
222,IS Sodhi
223,Imran Tahir
224,Iqbal Abdulla
225,Ishan Kishan
226,J Arunkumar
227,J Botha
228,J Suchith
229,J Syed Mohammad
230,J Theron
231,J Yadav
232,JA Morkel
233,JA Richardson
234,JC Archer
235,JC Buttler
236,JD Ryder
237,JD Unadkat
238,JDP Oram
239,JDS Neesham
240,JE Taylor
241,JEC Franklin
242,JH Kallis
243,JJ Bumrah
244,JJ Roy
245,JJ van der Wath
246,JL Denly
247,JL Pattinson
248,JM Bairstow
249,JM Kemp
250,JM Sharma
251,JO Holder
252,JP Behrendorff
253,JP Duminy
254,JP Faulkner
255,JPR Scantlebury-Searles
256,JR Hazlewood
257,JR Hopes
258,JR Philippe
259,JW Hastings
260,Jalaj S Saxena
261,Jaskaran Singh
262,Joginder Sharma
263,K Goel
264,K Gowtham
265,K Kartikeya
266,K Khejroliya
267,K Rabada
268,K Santokie
269,K Upadhyay
270,K Yadav
271,KA Jamieson
272,KA Pollard
273,KAJ Roach
274,KB Arun Karthik
275,KC Cariappa
276,KC Sangakkara
277,KD Karthik
278,KH Pandya
279,KJ Abbott
280,KK Ahmed
281,KK Cooper
282,KK Nair
283,KL Nagarkoti
284,KL Rahul
285,KM Asif
286,KM Jadhav
287,KMA Paul
288,KMDN Kulasekara
289,KP Appanna
290,KP Pietersen
291,KR Sen
292,KS Bharat
293,KS Sharma
294,KS Williamson
295,KV Sharma
296,KW Richardson
297,Kamran Akmal
298,Kamran Khan
299,Karanveer Singh
300,Kartik Tyagi
301,Kuldeep Yadav
302,L Ablish
303,L Balaji
304,L Ngidi
305,L Ronchi
306,LA Carseldine
307,LA Pomersbach
308,LE Plunkett
309,LH Ferguson
310,LI Meriwala
311,LJ Wright
312,LMP Simmons
313,LPC Silva
314,LR Shukla
315,LRPL Taylor
316,LS Livingstone
317,Lalit Yadav
318,M Ashwin
319,M Jansen
320,M Kaif
321,M Kartik
322,M Klinger
323,M Manhas
324,M Markande
325,M Morkel
326,M Muralitharan
327,M Ntini
328,M Pathirana
329,M Prasidh Krishna
330,M Rawat
331,M Shahrukh Khan
332,M Theekshana
333,M Vijay
334,M Vohra
335,M de Lange
336,MA Agarwal
337,MA Khote
338,MA Starc
339,MA Wood
340,MB Parmar
341,MC Henriques
342,MC Juneja
343,MD Mishra
344,MDKJ Perera
345,MEK Hussey
346,MF Maharoof
347,MG Johnson
348,MG Neser
349,MJ Clarke
350,MJ Guptill
351,MJ Henry
352,MJ Lumb
353,MJ McClenaghan
354,MJ Santner
355,MK Lomror
356,MK Pandey
357,MK Tiwary
358,ML Hayden
359,MM Ali
360,MM Patel
361,MM Sharma
362,MN Samuels
363,MN van Wyk
364,MP Stoinis
365,MR Marsh
366,MS Bisla
367,MS Dhoni
368,MS Gony
369,MS Wade
370,MV Boucher
371,Mandeep Singh
372,Mashrafe Mortaza
373,Misbah-ul-Haq
374,Mohammad Ashraful
375,Mohammad Asif
376,Mohammad Hafeez
377,Mohammad Nabi
378,Mohammed Shami
379,Mohammed Siraj
380,Mohsin Khan
381,Monu Kumar
382,Mujeeb Ur Rahman
383,Mukesh Choudhary
384,Mustafizur Rahman
385,N Jagadeesan
386,N Pooran
387,N Rana
388,N Saini
389,NB Singh
390,ND Doshi
391,NJ Maddinson
392,NJ Rimmington
393,NK Patel
394,NL McCullum
395,NLTC Perera
396,NM Coulter-Nile
397,NS Naik
398,NT Ellis
399,NV Ojha
400,Navdeep Saini
401,O Thomas
402,OA Shah
403,OC McCoy
404,OF Smith
405,P Amarnath
406,P Awana
407,P Chopra
408,P Dogra
409,P Dubey
410,P Kumar
411,P Negi
412,P Parameswaran
413,P Prasanth
414,P Ray Barman
415,P Sahu
416,P Simran Singh
417,P Suyal
418,PA Patel
419,PA Reddy
420,PBB Rajapaksa
421,PC Valthaty
422,PD Collingwood
423,PH Solanki
424,PJ Cummins
425,PJ Sangwan
426,PK Garg
427,PM Sarvesh Kumar
428,PN Mankad
429,PP Chawla
430,PP Ojha
431,PP Shaw
432,PR Shah
433,PSP Handscomb
434,PV Tambe
435,PVD Chameera
436,PWH de Silva
437,Pankaj Singh
438,Parvez Rasool
439,Q de Kock
440,R Ashwin
441,R Bhatia
442,R Bishnoi
443,R Dhawan
444,R Dravid
445,R McLaren
446,R Ninan
447,R Parag
448,R Powell
449,R Rampaul
450,R Sai Kishore
451,R Sanjay Yadav
452,R Sathish
453,R Sharma
454,R Shepherd
455,R Shukla
456,R Tewatia
457,R Vinay Kumar
458,RA Bawa
459,RA Jadeja
460,RA Shaikh
461,RA Tripathi
462,RD Chahar
463,RD Gaikwad
464,RE Levi
465,RE van der Merwe
466,RG More
467,RG Sharma
468,RJ Harris
469,RJ Peterson
470,RJ Quiney
471,RK Bhui
472,RK Singh
473,RM Patidar
474,RN ten Doeschate
475,RP Meredith
476,RP Singh
477,RR Bhatkal
478,RR Bose
479,RR Pant
480,RR Powar
481,RR Raje
482,RR Rossouw
483,RR Sarwan
484,RS Bopara
485,RS Gavaskar
486,RS Sodhi
487,RT Ponting
488,RV Gomez
489,RV Patel
490,RV Uthappa
491,RW Price
492,Ramandeep Singh
493,Rashid Khan
494,Rasikh Salam
495,Ravi Bishnoi
496,S Anirudha
497,S Aravind
498,S Badree
499,S Badrinath
500,S Chanderpaul
501,S Dhawan
502,S Dube
503,S Gopal
504,S Kaul
505,S Kaushik
506,S Ladda
507,S Lamichhane
508,S Midhun
509,S Nadeem
510,S Narwal
511,S Rana
512,S Randiv
513,S Sandeep Warrier
514,S Sohal
515,S Sreesanth
516,S Sriram
517,S Tyagi
518,S Vidyut
519,SA Abbott
520,SA Asnodkar
521,SA Yadav
522,SB Bangar
523,SB Jakati
524,SB Joshi
525,SB Styris
526,SB Wagh
527,SC Ganguly
528,SC Kuggeleijn
529,SD Chitnis
530,SD Lad
531,SE Bond
532,SE Marsh
533,SE Rutherford
534,SJ Srivastava
535,SK Raina
536,SK Trivedi
537,SK Warne
538,SL Malinga
539,SM Boland
540,SM Curran
541,SM Harwood
542,SM Katich
543,SM Pollock
544,SMSM Senanayake
545,SN Khan
546,SN Thakur
547,SO Hetmyer
548,SP Fleming
549,SP Goswami
550,SP Jackson
551,SP Narine
552,SPD Smith
553,SR Tendulkar
554,SR Watson
555,SS Agarwal
556,SS Cottrell
557,SS Iyer
558,SS Mundhe
559,SS Prabhudessai
560,SS Sarkar
561,SS Shaikh
562,SS Tiwary
563,ST Jayasuriya
564,STR Binny
565,SV Samson
566,SW Billings
567,SW Tait
568,Sachin Baby
569,Salman Butt
570,Sandeep Sharma
571,Shahbaz Ahmed
572,Shahid Afridi
573,Shakib Al Hasan
574,Shashank Singh
575,Shivam Mavi
576,Shivam Sharma
577,Shoaib Ahmed
578,Shoaib Akhtar
579,Shoaib Malik
580,Shubman Gill
581,Simarjeet Singh
582,Sohail Tanvir
583,Sunny Gupta
584,Sunny Singh
585,Swapnil Singh
586,T Banton
587,T Henderson
588,T Kohli
589,T Natarajan
590,T Shamsi
591,T Stubbs
592,T Taibu
593,T Thushara
594,TA Boult
595,TD Paine
596,TG Southee
597,TH David
598,TK Curran
599,TL Seifert
600,TL Suman
601,TM Dilshan
602,TM Head
603,TM Srivastava
604,TP Sudhindra
605,TR Birt
606,TS Mills
607,TU Deshpande
608,Tejas Baroka
609,Tilak Varma
610,U Kaul
611,UA Birla
612,UBT Chand
613,UT Khawaja
614,UT Yadav
615,Umar Gul
616,Umran Malik
617,V Kohli
618,V Pratap Singh
619,V Sehwag
620,V Shankar
621,VG Arora
622,VH Zol
623,VR Aaron
624,VR Iyer
625,VRV Singh
626,VS Malik
627,VS Yeligati
628,VVS Laxman
629,VY Mahesh
630,Virat Singh
631,Vishnu Vinod
632,W Jaffer
633,WA Mota
634,WD Parnell
635,WP Saha
636,WPUJC Vaas
637,Washington Sundar
638,X Thalaivan Sargunam
639,Y Gnaneswara Rao
640,Y Nagar
641,Y Prithvi Raj
642,Y Venugopal Rao
643,YA Abdulla
644,YBK Jaiswal
645,YK Pathan
646,YS Chahal
647,YV Takawale
648,Yash Dayal
649,Yashpal Singh
650,Younis Khan
651,Yuvraj Singh
652,Z Khan
